kp,ki,kd,max_wheel_torque,score,angle_rms,max_angle,omega_rms,torque_rms,sat_fraction,fall_penalty
4.734153871913395,0.0,0.5378765589074217,0.7939484399335369,0.320575008606038,0.012588227408877321,0.11882146430098543,0.07538268199780516,0.009704390277743166,0.0,0.0
