kp,ki,kd,max_wheel_torque,score,angle_rms,max_angle,omega_rms,torque_rms,sat_fraction,fall_penalty
4.734153871913395,0.0,0.5378765589074217,0.7939484399335369,0.320575008606038,0.012588227408877321,0.11882146430098543,0.07538268199780516,0.009704390277743166,0.0,0.0
4.662382331145976,0.0,0.9475558802268055,0.2460852245066594,0.32599248222917043,0.015600289396190493,0.1188383175740168,0.05923066965843651,0.008889686532001138,0.0,0.0
4.305260962732437,0.0,0.13112927050742643,0.881716763727567,0.32705402925960053,0.01024806460446121,0.11903057002700934,0.1123405126519435,0.012257702907838484,0.0,0.0
