kp,ki,kd,max_wheel_torque,score,angle_rms,max_angle,omega_rms,torque_rms,sat_fraction,fall_penalty
4.734153871913395,0.1536074539132183,1.0331455454954313,0.673026021794523,0.32706383281517826,0.015984150325890525,0.11882768141578855,0.058110093676121084,0.008911324838362315,0.0,0.0
